Segment,Point,Elapsed Time (s),Potential (V),Current (A),Frequency (Hz),|Z| (ohms),Zre (ohms),Zim (ohms),Phase of Z (deg),ActionId
0,0,0.125,-0.647256672382355,-0.00086148246191442,0,0,0,0,0,33
0,1,0.25,-0.646170556545258,-0.000660330173559487,0,0,0,0,0,33
0,2,0.375,-0.646868765354156,-0.000604958739131689,0,0,0,0,0,33
0,3,0.5,-0.647993624210358,-0.000580968568101525,0,0,0,0,0,33
0,4,0.625,-0.644056499004364,-0.000505742151290178,0,0,0,0,0,33
0,5,0.75,-0.64426988363266,-0.000492546998430043,0,0,0,0,0,33
0,6,0.875,-0.639828443527222,-0.000426081038312986,0,0,0,0,0,33
0,7,1,-0.639925420284271,-0.000426975748268887,0,0,0,0,0,33
0,8,1.125,-0.636822283267975,-0.000378404161892831,0,0,0,0,0,33
0,9,1.25,-0.635968923568726,-0.00037442849134095,0,0,0,0,0,33
0,10,1.375,-0.637520492076874,-0.000400787714170292,0,0,0,0,0,33
0,11,1.5,-0.633467018604279,-0.000351792114088312,0,0,0,0,0,33
0,12,1.625,-0.631178438663483,-0.000325386237818748,0,0,0,0,0,33
0,13,1.75,-0.632206320762634,-0.000346353772329167,0,0,0,0,0,33
0,14,1.875,-0.629374742507935,-0.000320710358209908,0,0,0,0,0,33
0,15,2,-0.625631511211395,-0.000277522631222382,0,0,0,0,0,33
0,16,2.125,-0.63201242685318,-0.000380788784241304,0,0,0,0,0,33
0,17,2.25,-0.627842545509338,-0.00032561962143518,0,0,0,0,0,33
0,18,2.375,-0.623672664165497,-0.000281264918157831,0,0,0,0,0,33
0,19,2.5,-0.624370872974396,-0.000297311489703134,0,0,0,0,0,33
0,20,2.625,-0.621558666229248,-0.000274305552011356,0,0,0,0,0,33
0,21,2.75,-0.621287107467651,-0.000281401065876707,0,0,0,0,0,33
0,22,2.875,-0.622780501842499,-0.000310685602016747,0,0,0,0,0,33
0,23,3,-0.619270086288452,-0.00027703249361366,0,0,0,0,0,33
0,24,3.125,-0.618882179260254,-0.000279456027783453,0,0,0,0,0,33
0,25,3.25,-0.615779042243958,-0.000250906683504581,0,0,0,0,0,33
0,26,3.375,-0.615934193134308,-0.000267462892225012,0,0,0,0,0,33
0,27,3.5,-0.611454010009766,-0.000217685388633981,0,0,0,0,0,33
0,28,3.625,-0.612869799137115,-0.000250832788879052,0,0,0,0,0,33
0,29,3.75,-0.612481951713562,-0.00025683906278573,0,0,0,0,0,33
0,30,3.875,-0.61038726568222,-0.000237190266489051,0,0,0,0,0,33
0,31,4,-0.609281778335571,-0.000237194151850417,0,0,0,0,0,33
0,32,4.125,-0.606256246566772,-0.000205069853109308,0,0,0,0,0,33
0,33,4.25,-0.609378755092621,-0.000263981259195134,0,0,0,0,0,33
0,34,4.375,-0.606042861938477,-0.0002300947526237,0,0,0,0,0,33
0,35,4.5,-0.604084014892578,-0.000220696310861968,0,0,0,0,0,33
0,36,4.625,-0.601601481437683,-0.000200483438675292,0,0,0,0,0,33
0,37,4.75,-0.599041402339935,-0.000176816174644046,0,0,0,0,0,33
0,38,4.875,-0.595627903938293,-0.000138487186632119,0,0,0,0,0,33
0,39,5,-0.597548007965088,-0.00018195497978013,0,0,0,0,0,33
0,40,5.125,-0.599952936172485,-0.00022823917970527,0,0,0,0,0,33
0,41,5.25,-0.598013460636139,-0.000213865321711637,0,0,0,0,0,33
0,42,5.375,-0.597140729427338,-0.000216226602788083,0,0,0,0,0,33
0,43,5.5,-0.594619393348694,-0.000197845962247811,0,0,0,0,0,33
0,44,5.625,-0.590197384357452,-0.000147660000948235,0,0,0,0,0,33
0,45,5.75,-0.593688428401947,-0.000214771716855466,0,0,0,0,0,33
0,46,5.875,-0.59108954668045,-0.000194807813386433,0,0,0,0,0,33
0,47,6,-0.592311441898346,-0.000221326510654762,0,0,0,0,0,33
0,48,6.125,-0.588063955307007,-0.000183658834430389,0,0,0,0,0,33
0,49,6.25,-0.587055444717407,-0.000178520029294305,0,0,0,0,0,33
0,50,6.375,-0.58389413356781,-0.000149558371049352,0,0,0,0,0,33
0,51,6.5,-0.585174143314362,-0.000178932386916131,0,0,0,0,0,33
0,52,6.625,-0.585096597671509,-0.000197336368728429,0,0,0,0,0,33
0,53,6.75,-0.583777725696564,-0.00018913607345894,0,0,0,0,0,33
0,54,6.875,-0.579763054847717,-0.0001537635398563,0,0,0,0,0,33
0,55,7,-0.580461263656616,-0.000173136155353859,0,0,0,0,0,33
0,56,7.125,-0.577571451663971,-0.000148375780554488,0,0,0,0,0,33
0,57,7.25,-0.576427161693573,-0.00014492915943265,0,0,0,0,0,33
0,58,7.375,-0.577280521392822,-0.000175637484062463,0,0,0,0,0,33
0,59,7.5,-0.574002802371979,-0.000146465754369274,0,0,0,0,0,33
0,60,7.625,-0.573692500591278,-0.000156860056449659,0,0,0,0,0,33
0,61,7.75,-0.569173514842987,-0.000113318354124203,0,0,0,0,0,33
0,62,7.875,-0.568300783634186,-0.000111455003207084,0,0,0,0,0,33
0,63,8,-0.570104479789734,-0.000149912360939197,0,0,0,0,0,33
0,64,8.125,-0.567951679229736,-0.000138981224154122,0,0,0,0,0,33
0,65,8.25,-0.566652238368988,-0.000133873545564711,0,0,0,0,0,33
0,66,8.375,-0.563936948776245,-0.000110883156594355,0,0,0,0,0,33
0,67,8.5,-0.565527319908142,-0.000148543054820038,0,0,0,0,0,33
0,68,8.625,-0.562656879425049,-0.000125023609143682,0,0,0,0,0,33
0,69,8.75,-0.56195867061615,-0.000133208348415792,0,0,0,0,0,33
0,70,8.875,-0.562501728534698,-0.000153821893036366,0,0,0,0,0,33
0,71,9,-0.558137953281403,-0.000111011533590499,0,0,0,0,0,33
0,72,9.125,-0.557129383087158,-0.000110031229269225,0,0,0,0,0,33
0,73,9.25,-0.555539011955261,-0.000107121450128034,0,0,0,0,0,33
0,74,9.375,-0.557827591896057,-0.000155568544869311,0,0,0,0,0,33
0,75,9.5,-0.552164375782013,-9.06313871382736E-05,0,0,0,0,0,33
0,76,9.625,-0.556702733039856,-0.000168363025295548,0,0,0,0,0,33
0,77,9.75,-0.550981283187866,-0.000104694037872832,0,0,0,0,0,33
0,78,9.875,-0.549022436141968,-9.23858169699088E-05,0,0,0,0,0,33
0,79,10,-0.546210169792175,-6.65206534904428E-05,0,0,0,0,0,33
0,80,10.125,-0.548304796218872,-0.000115333416033536,0,0,0,0,0,33
0,81,10.25,-0.547684192657471,-0.000121907651191577,0,0,0,0,0,33
0,82,10.375,-0.546617448329926,-0.000121857083286159,0,0,0,0,0,33
0,83,10.5,-0.542525172233582,-8.43372326926328E-05,0,0,0,0,0,33
0,84,10.625,-0.543339788913727,-0.000115399547212292,0,0,0,0,0,33
0,85,10.75,-0.542059719562531,-0.000107245934486855,0,0,0,0,0,33
0,86,10.875,-0.544270694255829,-0.0001544871047372,0,0,0,0,0,33
0,87,11,-0.540391743183136,-0.000117562434752472,0,0,0,0,0,33
0,88,11.125,-0.539402663707733,-0.000121962119010277,0,0,0,0,0,33
0,89,11.25,-0.536008536815643,-9.08842412172817E-05,0,0,0,0,0,33
0,90,11.375,-0.537676513195038,-0.000129221007227898,0,0,0,0,0,33
0,91,11.5,-0.534767270088196,-0.00011165339674335,0,0,0,0,0,33
0,92,11.625,-0.534166038036346,-0.000114485374069773,0,0,0,0,0,33
0,93,11.75,-0.537579536437988,-0.000174769986188039,0,0,0,0,0,33
0,94,11.875,-0.533138155937195,-0.000129485531942919,0,0,0,0,0,33
0,95,12,-0.531004726886749,-0.000120608368888497,0,0,0,0,0,33
0,96,12.125,-0.529511332511902,-0.000114959962957073,0,0,0,0,0,33
0,97,12.25,-0.528037309646606,-0.000105172519397456,0,0,0,0,0,33
0,98,12.375,-0.526272416114807,-0.000105086932308041,0,0,0,0,0,33
0,99,12.5,-0.524158358573914,-9.31949543883093E-05,0,0,0,0,0,33
0,100,12.625,-0.521947383880615,-7.54678403609432E-05,0,0,0,0,0,33
0,101,12.75,-0.521831035614014,-8.97444479051046E-05,0,0,0,0,0,33
0,102,12.875,-0.520453989505768,-8.53058663778938E-05,0,0,0,0,0,33
0,103,13,-0.519736409187317,-9.51794645516202E-05,0,0,0,0,0,33
0,104,13.125,-0.518727838993073,-9.47295193327591E-05,0,0,0,0,0,33
0,105,13.25,-0.517176270484924,-9.21036553336307E-05,0,0,0,0,0,33
0,106,13.375,-0.515721678733826,-9.04717235243879E-05,0,0,0,0,0,33
0,107,13.5,-0.514111936092377,-8.47502378746867E-05,0,0,0,0,0,33
0,108,13.625,-0.51333612203598,-8.64124813233502E-05,0,0,0,0,0,33
0,109,13.75,-0.511823356151581,-8.72206801432185E-05,0,0,0,0,0,33
0,110,13.875,-0.510465741157532,-8.58444109326229E-05,0,0,0,0,0,33
0,111,14,-0.509689927101135,-8.79196886671707E-05,0,0,0,0,0,33
0,112,14.125,-0.508506834506989,-8.86517300386913E-05,0,0,0,0,0,33
0,113,14.25,-0.507091045379639,-8.70030853548087E-05,0,0,0,0,0,33
0,114,14.375,-0.50604373216629,-8.51924123708159E-05,0,0,0,0,0,33
0,115,14.5,-0.504453361034393,-8.29624914331362E-05,0,0,0,0,0,33
0,116,14.625,-0.503134489059448,-7.98183027654886E-05,0,0,0,0,0,33
0,117,14.75,-0.502416908740997,-8.47945339046419E-05,0,0,0,0,0,33
0,118,14.875,-0.500613212585449,-8.60231448314153E-05,0,0,0,0,0,33
0,119,15,-0.499216794967651,-8.04333831183612E-05,0,0,0,0,0,33
0,120,15.125,-0.498693138360977,-7.98917390056886E-05,0,0,0,0,0,33
0,121,15.25,-0.497296720743179,-8.2617458247114E-05,0,0,0,0,0,33
0,122,15.375,-0.495900273323059,-8.02744616521522E-05,0,0,0,0,0,33
0,123,15.5,-0.49479478597641,-7.98392793512903E-05,0,0,0,0,0,33
0,124,15.625,-0.493068665266037,-7.61417832109146E-05,0,0,0,0,0,33
0,125,15.75,-0.492118328809738,-7.74908476159908E-05,0,0,0,0,0,33
0,126,15.875,-0.490760684013367,-7.87039243732579E-05,0,0,0,0,0,33
0,127,16,-0.48942244052887,-7.99566259956919E-05,0,0,0,0,0,33
0,128,16.125,-0.488433331251144,-7.92828723206185E-05,0,0,0,0,0,33
0,129,16.25,-0.487114489078522,-7.94573352322914E-05,0,0,0,0,0,33
0,130,16.375,-0.485737442970276,-7.57648886064999E-05,0,0,0,0,0,33
0,131,16.5,-0.484341025352478,-7.48680977267213E-05,0,0,0,0,0,33
0,132,16.625,-0.483332514762878,-7.68120444263332E-05,0,0,0,0,0,33
0,133,16.75,-0.48244035243988,-7.93217259342782E-05,0,0,0,0,0,33
0,134,16.875,-0.480403900146484,-7.53969216020778E-05,0,0,0,0,0,33
0,135,17,-0.47956994175911,-7.26537182345055E-05,0,0,0,0,0,33
0,136,17.125,-0.478561401367188,-7.44274802855216E-05,0,0,0,0,0,33
0,137,17.25,-0.477281361818314,-7.47270532883704E-05,0,0,0,0,0,33
0,138,17.375,-0.475923717021942,-7.37789741833694E-05,0,0,0,0,0,33
0,139,17.5,-0.474430322647095,-7.17332295607775E-05,0,0,0,0,0,33
0,140,17.625,-0.473383009433746,-7.1935668529477E-05,0,0,0,0,0,33
0,141,17.75,-0.472044795751572,-7.11259199306369E-05,0,0,0,0,0,33
0,142,17.875,-0.470648378133774,-7.28099184925668E-05,0,0,0,0,0,33
0,143,18,-0.469542860984802,-7.25577483535744E-05,0,0,0,0,0,33
0,144,18.125,-0.467991292476654,-6.81577439536341E-05,0,0,0,0,0,33
0,145,18.25,-0.466924577951431,-7.06701393937692E-05,0,0,0,0,0,33
0,146,18.375,-0.465528160333633,-6.83904872857966E-05,0,0,0,0,0,33
0,147,18.5,-0.464946329593658,-7.41030307835899E-05,0,0,0,0,0,33
0,148,18.625,-0.463705062866211,-7.31180407456122E-05,0,0,0,0,0,33
0,149,18.75,-0.461881965398788,-6.73534304951318E-05,0,0,0,0,0,33
0,150,18.875,-0.460504919290543,-6.67663189233281E-05,0,0,0,0,0,33
0,151,19,-0.459806710481644,-7.13019326212816E-05,0,0,0,0,0,33
0,152,19.125,-0.458584845066071,-7.11667162249796E-05,0,0,0,0,0,33
0,153,19.25,-0.457130253314972,-6.91011518938467E-05,0,0,0,0,0,33
0,154,19.375,-0.455501079559326,-6.80811936035752E-05,0,0,0,0,0,33
0,155,19.5,-0.454046487808228,-6.63622267893516E-05,0,0,0,0,0,33
0,156,19.625,-0.453348278999329,-6.79782242514193E-05,0,0,0,0,0,33
0,157,19.75,-0.452475517988205,-7.07979779690504E-05,0,0,0,0,0,33
0,158,19.875,-0.451020926237106,-6.80788652971387E-05,0,0,0,0,0,33
0,159,20,-0.44933357834816,-6.69532164465636E-05,0,0,0,0,0,33
0,160,20.125,-0.448034137487412,-6.38770216028206E-05,0,0,0,0,0,33
0,161,20.25,-0.447141975164413,-6.70519075356424E-05,0,0,0,0,0,33
0,162,20.375,-0.445687353610992,-6.80314624332823E-05,0,0,0,0,0,33
0,163,20.5,-0.444659441709518,-6.97659706929699E-05,0,0,0,0,0,33
0,164,20.625,-0.443340599536896,-6.29312780802138E-05,0,0,0,0,0,33
0,165,20.75,-0.442196309566498,-6.56053161947057E-05,0,0,0,0,0,33
0,166,20.875,-0.44095504283905,-6.58415592624806E-05,0,0,0,0,0,33
0,167,21,-0.439849555492401,-6.71746965963393E-05,0,0,0,0,0,33
0,168,21.125,-0.438123434782028,-6.16362231085077E-05,0,0,0,0,0,33
0,169,21.25,-0.437056720256805,-6.49902358418331E-05,0,0,0,0,0,33
0,170,21.375,-0.436145156621933,-6.63284226902761E-05,0,0,0,0,0,33
0,171,21.5,-0.434748739004135,-6.6934953792952E-05,0,0,0,0,0,33
0,172,21.625,-0.433488100767136,-6.52183152851649E-05,0,0,0,0,0,33
0,173,21.75,-0.432188659906387,-6.3705665525049E-05,0,0,0,0,0,33
0,174,21.875,-0.430423736572266,-6.30983558949083E-05,0,0,0,0,0,33
0,175,22,-0.429647952318192,-6.56791453366168E-05,0,0,0,0,0,33
0,176,22.125,-0.428115755319595,-6.28512352705002E-05,0,0,0,0,0,33
0,177,22.25,-0.427146017551422,-6.30548383924179E-05,0,0,0,0,0,33
0,178,22.375,-0.425342321395874,-6.21141443843953E-05,0,0,0,0,0,33
0,179,22.5,-0.424488931894302,-6.52043308946304E-05,0,0,0,0,0,33
0,180,22.625,-0.423305869102478,-6.75278934068047E-05,0,0,0,0,0,33
0,181,22.75,-0.421967625617981,-6.22466395725496E-05,0,0,0,0,0,33
0,182,22.875,-0.420784562826157,-5.98873302806169E-05,0,0,0,0,0,33
0,183,23,-0.419717848300934,-6.08396803727373E-05,0,0,0,0,0,33
0,184,23.125,-0.418360203504562,-6.11003997619264E-05,0,0,0,0,0,33
0,185,23.25,-0.417351692914963,-6.3993975345511E-05,0,0,0,0,0,33
0,186,23.375,-0.415703147649765,-6.16051329416223E-05,0,0,0,0,0,33
0,187,23.5,-0.414248526096344,-6.17931946180761E-05,0,0,0,0,0,33
0,188,23.625,-0.413240015506744,-6.24622916802764E-05,0,0,0,0,0,33
0,189,23.75,-0.412192702293396,-6.10312381468248E-05,0,0,0,0,0,33
0,190,23.875,-0.410873860120773,-6.06928078923374E-05,0,0,0,0,0,33
0,191,24,-0.409671366214752,-6.41190927126445E-05,0,0,0,0,0,33
0,192,24.125,-0.408449500799179,-6.26394685241394E-05,0,0,0,0,0,33
0,193,24.25,-0.407053083181381,-6.06368557782844E-05,0,0,0,0,0,33
0,194,24.375,-0.405695468187332,-5.89000082982238E-05,0,0,0,0,0,33
0,195,24.5,-0.404803305864334,-6.32452283753082E-05,0,0,0,0,0,33
0,196,24.625,-0.403542637825012,-6.23939049546607E-05,0,0,0,0,0,33
0,197,24.75,-0.401894092559814,-5.93550103076268E-05,0,0,0,0,0,33
0,198,24.875,-0.400827378034592,-6.1558122979477E-05,0,0,0,0,0,33
0,199,25,-0.399721890687943,-6.28691050224006E-05,0,0,0,0,0,33
0,200,25.125,-0.398092746734619,-5.73555007576942E-05,0,0,0,0,0,33
0,201,25.25,-0.397103607654572,-6.13008960499428E-05,0,0,0,0,0,33
0,202,25.375,-0.395901143550873,-6.25594257144257E-05,0,0,0,0,0,33
0,203,25.5,-0.394601672887802,-5.98888836975675E-05,0,0,0,0,0,33
0,204,25.625,-0.393011331558228,-5.71177042729687E-05,0,0,0,0,0,33
0,205,25.75,-0.392119169235229,-5.97847501921933E-05,0,0,0,0,0,33
0,206,25.875,-0.390742152929306,-6.22726729488932E-05,0,0,0,0,0,33
0,207,26,-0.38961723446846,-5.91747193539049E-05,0,0,0,0,0,33
0,208,26.125,-0.388317793607712,-5.87865506531671E-05,0,0,0,0,0,33
0,209,26.25,-0.386669248342514,-5.73251927562524E-05,0,0,0,0,0,33
0,210,26.375,-0.386029213666916,-6.15282042417675E-05,0,0,0,0,0,33
0,211,26.5,-0.384865552186966,-6.12216317676939E-05,0,0,0,0,0,33
0,212,26.625,-0.383139401674271,-5.47902563994285E-05,0,0,0,0,0,33
0,213,26.75,-0.382033914327621,-5.94622506469022E-05,0,0,0,0,0,33
0,214,26.875,-0.381064176559448,-6.12931253272109E-05,0,0,0,0,0,33
0,215,27,-0.379396229982376,-5.47964737052098E-05,0,0,0,0,0,33
0,216,27.125,-0.378232538700104,-5.67874303669669E-05,0,0,0,0,0,33
0,217,27.25,-0.37685552239418,-5.50793411093764E-05,0,0,0,0,0,33
0,218,27.375,-0.375653058290482,-5.90534909861162E-05,0,0,0,0,0,33
0,219,27.5,-0.374702721834183,-6.19641577941366E-05,0,0,0,0,0,33
0,220,27.625,-0.373248100280762,-5.5919008445926E-05,0,0,0,0,0,33
0,221,27.75,-0.372103810310364,-5.78975377720781E-05,0,0,0,0,0,33
0,222,27.875,-0.370804369449615,-6.12721414654516E-05,0,0,0,0,0,33
0,223,28,-0.369466125965118,-5.68562063563149E-05,0,0,0,0,0,33
0,224,28.125,-0.368030935525894,-5.51601588085759E-05,0,0,0,0,0,33
0,225,28.25,-0.366964221000671,-5.944243457634E-05,0,0,0,0,0,33
0,226,28.375,-0.3658587038517,-5.75932972424198E-05,0,0,0,0,0,33
0,227,28.5,-0.364481687545776,-5.83684668526985E-05,0,0,0,0,0,33
0,228,28.625,-0.363492548465729,-5.8027701015817E-05,0,0,0,0,0,33
0,229,28.75,-0.362096130847931,-5.81703025090974E-05,0,0,0,0,0,33
0,230,28.875,-0.360680341720581,-5.42812485946342E-05,0,0,0,0,0,33
0,231,29,-0.359633028507233,-6.02164363954216E-05,0,0,0,0,0,33
0,232,29.125,-0.358003854751587,-5.56726663489826E-05,0,0,0,0,0,33
0,233,29.25,-0.356956541538239,-5.62652130611241E-05,0,0,0,0,0,33
0,234,29.375,-0.35575407743454,-5.88444454479031E-05,0,0,0,0,0,33
0,235,29.5,-0.354648560285568,-5.78334256715607E-05,0,0,0,0,0,33
0,236,29.625,-0.353407323360443,-5.85646848776378E-05,0,0,0,0,0,33
0,237,29.75,-0.351816952228546,-5.41557419637684E-05,0,0,0,0,0,33
0,238,29.875,-0.351041167974472,-5.78738327021711E-05,0,0,0,0,0,33
0,239,30,-0.349722325801849,-5.86175301577896E-05,0,0,0,0,0,33
0,240,30.125,-0.348267704248428,-5.52914934814908E-05,0,0,0,0,0,33
0,241,30.25,-0.347026437520981,-5.70547599636484E-05,0,0,0,0,0,33
0,242,30.375,-0.345533043146133,-5.56136037630495E-05,0,0,0,0,0,33
0,243,30.5,-0.344873636960983,-5.92524302192032E-05,0,0,0,0,0,33
0,244,30.625,-0.343263864517212,-5.74176701775286E-05,0,0,0,0,0,33
0,245,30.75,-0.342216551303864,-5.52137826161925E-05,0,0,0,0,0,33
0,246,30.875,-0.340878337621689,-5.57499879505485E-05,0,0,0,0,0,33
0,247,31,-0.339210391044617,-5.50245531485416E-05,0,0,0,0,0,33
0,248,31.125,-0.338298827409744,-5.48978860024363E-05,0,0,0,0,0,33
0,249,31.25,-0.337115734815598,-5.65496375202201E-05,0,0,0,0,0,33
0,250,31.375,-0.335661143064499,-5.50688491784967E-05,0,0,0,0,0,33
0,251,31.5,-0.334672003984451,-5.46690243936609E-05,0,0,0,0,0,33
0,252,31.625,-0.333372563123703,-5.6353415857302E-05,0,0,0,0,0,33
0,253,31.75,-0.332267075777054,-5.75420090171974E-05,0,0,0,0,0,33
0,254,31.875,-0.330967634916306,-6.13980373600498E-05,0,0,0,0,0,33
0,255,32,-0.329726368188858,-5.34318642166909E-05,0,0,0,0,0,33
0,256,32.125,-0.328135997056961,-5.47047748113982E-05,0,0,0,0,0,33
0,257,32.25,-0.326991707086563,-5.69086623727344E-05,0,0,0,0,0,33
0,258,32.375,-0.325847417116165,-5.43686728633475E-05,0,0,0,0,0,33
0,259,32.5,-0.324392825365067,-5.40811415703502E-05,0,0,0,0,0,33
0,260,32.625,-0.32346186041832,-5.57274506718386E-05,0,0,0,0,0,33
0,261,32.75,-0.321852117776871,-5.51966841157991E-05,0,0,0,0,0,33
0,262,32.875,-0.320998728275299,-5.61051274416968E-05,0,0,0,0,0,33
0,263,33,-0.3197962641716,-5.38600543222856E-05,0,0,0,0,0,33
0,264,33.125,-0.318108916282654,-5.20796893397346E-05,0,0,0,0,0,33
0,265,33.25,-0.316925853490829,-5.44444410479628E-05,0,0,0,0,0,33
0,266,33.375,-0.315587610006332,-5.3009505791124E-05,0,0,0,0,0,33
0,267,33.5,-0.314676076173782,-5.68049181310926E-05,0,0,0,0,0,33
0,268,33.625,-0.313124477863312,-5.03261362609919E-05,0,0,0,0,0,33
0,269,33.75,-0.311941415071487,-5.33253987669013E-05,0,0,0,0,0,33
0,270,33.875,-0.311185002326965,-5.58451829419937E-05,0,0,0,0,0,33
0,271,34,-0.309672236442566,-5.49845317436848E-05,0,0,0,0,0,33
0,272,34.125,-0.308547347784042,-5.48341631656513E-05,0,0,0,0,0,33
0,273,34.25,-0.30687940120697,-5.24103525094688E-05,0,0,0,0,0,33
0,274,34.375,-0.305851459503174,-5.53089776076376E-05,0,0,0,0,0,33
0,275,34.5,-0.304202914237976,-5.31583209522069E-05,0,0,0,0,0,33
0,276,34.625,-0.303291350603104,-5.64641522942111E-05,0,0,0,0,0,33
0,277,34.75,-0.30201131105423,-5.45330331078731E-05,0,0,0,0,0,33
0,278,34.875,-0.300595492124558,-5.2985025831731E-05,0,0,0,0,0,33
0,279,35,-0.299858510494232,-5.41188310307916E-05,0,0,0,0,0,33
0,280,35.125,-0.298151761293411,-5.35554245288949E-05,0,0,0,0,0,33
0,281,35.25,-0.296774744987488,-5.10465215484146E-05,0,0,0,0,0,33
0,282,35.375,-0.295940756797791,-5.56990889890585E-05,0,0,0,0,0,33
0,283,35.5,-0.294466763734818,-5.49783180758823E-05,0,0,0,0,0,33
0,284,35.625,-0.293419450521469,-5.3350657253759E-05,0,0,0,0,0,33
0,285,35.75,-0.292100608348846,-5.31622063135728E-05,0,0,0,0,0,33
0,286,35.875,-0.290684789419174,-5.09272322233301E-05,0,0,0,0,0,33
0,287,36,-0.289521127939224,-5.2162453357596E-05,0,0,0,0,0,33
0,288,36.125,-0.288531988859177,-5.5435644753743E-05,0,0,0,0,0,33
0,289,36.25,-0.28709676861763,-5.18939596076962E-05,0,0,0,0,0,33
0,290,36.375,-0.285874903202057,-5.2501662139548E-05,0,0,0,0,0,33
0,291,36.5,-0.284362107515335,-5.41009576409124E-05,0,0,0,0,0,33
0,292,36.625,-0.28327602148056,-5.10267054778524E-05,0,0,0,0,0,33
0,293,36.75,-0.282228708267212,-5.47580057173036E-05,0,0,0,0,0,33
0,294,36.875,-0.280580163002014,-5.47459603694733E-05,0,0,0,0,0,33
0,295,37,-0.279455244541168,-5.22856244060677E-05,0,0,0,0,0,33
0,296,37.125,-0.278117030858994,-5.12598380737472E-05,0,0,0,0,0,33
0,297,37.25,-0.277127891778946,-5.47611125512049E-05,0,0,0,0,0,33
0,298,37.375,-0.276061177253723,-5.3566305723507E-05,0,0,0,0,0,33
0,299,37.5,-0.274102330207825,-5.13286104251165E-05,0,0,0,0,0,33
0,300,37.625,-0.273151963949203,-5.20202411280479E-05,0,0,0,0,0,33
0,301,37.75,-0.272201627492905,-5.15636893396731E-05,0,0,0,0,0,33
0,302,37.875,-0.270650058984756,-5.02911680086982E-05,0,0,0,0,0,33
0,303,38,-0.269932448863983,-5.45147704542615E-05,0,0,0,0,0,33
0,304,38.125,-0.268128752708435,-5.35802937520202E-05,0,0,0,0,0,33
0,305,38.25,-0.267178416252136,-5.03541123180185E-05,0,0,0,0,0,33
0,306,38.375,-0.265878945589066,-5.04831150465179E-05,0,0,0,0,0,33
0,307,38.5,-0.26463770866394,-5.29675417055842E-05,0,0,0,0,0,33
0,308,38.625,-0.263124912977219,-5.18251872563269E-05,0,0,0,0,0,33
0,309,38.75,-0.262097001075745,-5.22875670867506E-05,0,0,0,0,0,33
0,310,38.875,-0.260836333036423,-5.34959763172083E-05,0,0,0,0,0,33
0,311,39,-0.259633868932724,-5.04310482938308E-05,0,0,0,0,0,33
0,312,39.125,-0.258334428071976,-5.28979871887714E-05,0,0,0,0,0,33
0,313,39.25,-0.256937980651855,-5.1862487453036E-05,0,0,0,0,0,33
0,314,39.375,-0.255910068750381,-5.26784533576574E-05,0,0,0,0,0,33
0,315,39.5,-0.254513651132584,-5.40123655810021E-05,0,0,0,0,0,33
0,316,39.625,-0.253408163785934,-5.13577542733401E-05,0,0,0,0,0,33
0,317,39.75,-0.251682013273239,-4.81032111565582E-05,0,0,0,0,0,33
0,318,39.875,-0.25098380446434,-5.52503042854369E-05,0,0,0,0,0,33
0,319,40,-0.24947102367878,-5.12567276018672E-05,0,0,0,0,0,33
0,320,40.125,-0.248268559575081,-5.00129608553834E-05,0,0,0,0,0,33
0,321,40.25,-0.247124269604683,-5.30266006535385E-05,0,0,0,0,0,33
0,322,40.375,-0.245921790599823,-5.00794049003161E-05,0,0,0,0,0,33
0,323,40.5,-0.244409009814262,-5.14342973474413E-05,0,0,0,0,0,33
0,324,40.625,-0.243419870734215,-5.30868273926899E-05,0,0,0,0,0,33
0,325,40.75,-0.241751939058304,-4.89669691887684E-05,0,0,0,0,0,33
0,326,40.875,-0.240646436810493,-4.88663354190066E-05,0,0,0,0,0,33
0,327,41,-0.239599123597145,-5.21286492585205E-05,0,0,0,0,0,33
0,328,41.125,-0.23847422003746,-5.46764094906393E-05,0,0,0,0,0,33
0,329,41.25,-0.236806273460388,-4.74449952889699E-05,0,0,0,0,0,33
0,330,41.375,-0.235875338315964,-4.97875989822205E-05,0,0,0,0,0,33
0,331,41.5,-0.234556496143341,-5.05639327457175E-05,0,0,0,0,0,33
0,332,41.625,-0.233741909265518,-5.45322545804083E-05,0,0,0,0,0,33
0,333,41.75,-0.232035174965858,-4.93357074446976E-05,0,0,0,0,0,33
0,334,41.875,-0.230910286307335,-5.47793752048165E-05,0,0,0,0,0,33
0,335,42,-0.22953325510025,-4.94919077027589E-05,0,0,0,0,0,33
0,336,42.125,-0.22792349755764,-4.93007391924039E-05,0,0,0,0,0,33
0,337,42.25,-0.227186501026154,-5.05767566210125E-05,0,0,0,0,0,33
0,338,42.375,-0.225828871130943,-4.85306227346882E-05,0,0,0,0,0,33
0,339,42.5,-0.224316075444222,-4.96865759487264E-05,0,0,0,0,0,33
0,340,42.625,-0.223385140299797,-5.29620992892887E-05,0,0,0,0,0,33
0,341,42.75,-0.221833556890488,-4.93112311232835E-05,0,0,0,0,0,33
0,342,42.875,-0.220204398036003,-4.75771048513707E-05,0,0,0,0,0,33
0,343,43,-0.219622567296028,-5.02876719110645E-05,0,0,0,0,0,33
0,344,43.125,-0.218691617250443,-5.08945959154516E-05,0,0,0,0,0,33
0,345,43.25,-0.216538801789284,-4.73245454486459E-05,0,0,0,0,0,33
0,346,43.375,-0.216073334217072,-5.21663387189619E-05,0,0,0,0,0,33
0,347,43.5,-0.214482963085175,-4.93617408210412E-05,0,0,0,0,0,33
0,348,43.625,-0.213629588484764,-5.03187548019923E-05,0,0,0,0,0,33
0,349,43.75,-0.211631938815117,-4.89141275465954E-05,0,0,0,0,0,33
0,350,43.875,-0.210875540971756,-5.01913091284223E-05,0,0,0,0,0,33
0,351,44,-0.209614887833595,-4.89607518829871E-05,0,0,0,0,0,33
0,352,44.125,-0.208218470215797,-4.70513878099155E-05,0,0,0,0,0,33
0,353,44.25,-0.207268133759499,-5.18795823154505E-05,0,0,0,0,0,33
0,354,44.375,-0.205503210425377,-4.87571487610694E-05,0,0,0,0,0,33
0,355,44.5,-0.204106792807579,-4.48813043476548E-05,0,0,0,0,0,33
0,356,44.625,-0.203253418207169,-5.07170261698775E-05,0,0,0,0,0,33
0,357,44.75,-0.202128529548645,-5.14016610395629E-05,0,0,0,0,0,33
0,358,44.875,-0.200829088687897,-4.81300194223877E-05,0,0,0,0,0,33
0,359,45,-0.199471458792686,-4.68423459096812E-05,0,0,0,0,0,33
0,360,45.125,-0.198249578475952,-4.81646020489279E-05,0,0,0,0,0,33
0,361,45.25,-0.196930751204491,-4.94417836307548E-05,0,0,0,0,0,33
0,362,45.375,-0.195844635367393,-4.88173755002208E-05,0,0,0,0,0,33
0,363,45.5,-0.194448217749596,-4.64771037513856E-05,0,0,0,0,0,33
0,364,45.625,-0.193594858050346,-5.04236668348312E-05,0,0,0,0,0,33
0,365,45.75,-0.191655382514,-4.66538986074738E-05,0,0,0,0,0,33
0,366,45.875,-0.190918385982513,-5.20315079484135E-05,0,0,0,0,0,33
0,367,46,-0.189851671457291,-5.12808182975277E-05,0,0,0,0,0,33
0,368,46.125,-0.18868799507618,-4.99492380185984E-05,0,0,0,0,0,33
0,369,46.25,-0.18688428401947,-4.95012354804203E-05,0,0,0,0,0,33
0,370,46.375,-0.185972735285759,-4.87031393276993E-05,0,0,0,0,0,33
0,371,46.5,-0.1845763027668,-4.71943785669282E-05,0,0,0,0,0,33
0,372,46.625,-0.183179885149002,-4.94814157718793E-05,0,0,0,0,0,33
0,373,46.75,-0.182035595178604,-4.81117567687761E-05,0,0,0,0,0,33
0,374,46.875,-0.180949494242668,-4.95447529829107E-05,0,0,0,0,0,33
0,375,47,-0.179378524422646,-4.82267714687623E-05,0,0,0,0,0,33
0,376,47.125,-0.177788153290749,-4.57229180028662E-05,0,0,0,0,0,33
0,377,47.25,-0.177342087030411,-4.86506869492587E-05,0,0,0,0,0,33
0,378,47.375,-0.176062032580376,-5.23439084645361E-05,0,0,0,0,0,33
0,379,47.5,-0.174064368009567,-4.44702127424534E-05,0,0,0,0,0,33
0,380,47.625,-0.173501923680305,-4.90578931930941E-05,0,0,0,0,0,33
0,381,47.75,-0.172144293785095,-4.94235209771432E-05,0,0,0,0,0,33
0,382,47.875,-0.17035998404026,-4.63667529402301E-05,0,0,0,0,0,33
0,383,48,-0.169467821717262,-4.80701819469687E-05,0,0,0,0,0,33
0,384,48.125,-0.168536886572838,-4.99068846693262E-05,0,0,0,0,0,33
0,385,48.25,-0.166888326406479,-4.75969209219329E-05,0,0,0,0,0,33
0,386,48.375,-0.165375545620918,-4.60252122138627E-05,0,0,0,0,0,33
0,387,48.5,-0.164716124534607,-4.92432336614002E-05,0,0,0,0,0,33
0,388,48.625,-0.163455471396446,-4.99437992402818E-05,0,0,0,0,0,33
0,389,48.75,-0.161962077021599,-4.48175815108698E-05,0,0,0,0,0,33
0,390,48.875,-0.160585045814514,-4.74512125947513E-05,0,0,0,0,0,33
0,391,49,-0.159498944878578,-4.77737157780211E-05,0,0,0,0,0,33
0,392,49.125,-0.158471018075943,-4.79038826597389E-05,0,0,0,0,0,33
0,393,49.25,-0.157171577215195,-4.79260270367377E-05,0,0,0,0,0,33
0,394,49.375,-0.155833333730698,-4.78020774608012E-05,0,0,0,0,0,33
0,395,49.5,-0.154378741979599,-4.55154295195825E-05,0,0,0,0,0,33
0,396,49.625,-0.153350815176964,-4.89918384118937E-05,0,0,0,0,0,33
0,397,49.75,-0.151915609836578,-4.73847685498185E-05,0,0,0,0,0,33
0,398,49.875,-0.150247663259506,-4.51921514468268E-05,0,0,0,0,0,33
0,399,50,-0.149917960166931,-4.99356392538175E-05,0,0,0,0,0,33
0,400,50.125,-0.148366376757622,-4.72433348477352E-05,0,0,0,0,0,33
0,401,50.25,-0.146892383694649,-4.31774897151627E-05,0,0,0,0,0,33
0,402,50.375,-0.145728692412376,-4.73303734906949E-05,0,0,0,0,0,33
0,403,50.5,-0.144933506846428,-5.0812610425055E-05,0,0,0,0,0,33
0,404,50.625,-0.143343150615692,-4.56580273748841E-05,0,0,0,0,0,33
0,405,50.75,-0.141907930374146,-4.4434465962695E-05,0,0,0,0,0,33
0,406,50.875,-0.140996381640434,-4.97572909807786E-05,0,0,0,0,0,33
0,407,51,-0.139619365334511,-4.29292012995575E-05,0,0,0,0,0,33
0,408,51.125,-0.138533249497414,-4.76641434943303E-05,0,0,0,0,0,33
0,409,51.25,-0.136884704232216,-4.80220005556475E-05,0,0,0,0,0,33
0,410,51.375,-0.135779201984406,-4.65299490315374E-05,0,0,0,0,0,33
0,411,51.5,-0.134363397955894,-4.32555862062145E-05,0,0,0,0,0,33
0,412,51.625,-0.133568212389946,-4.78176225442439E-05,0,0,0,0,0,33
0,413,51.75,-0.132268756628037,-4.67607496830169E-05,0,0,0,0,0,33
0,414,51.875,-0.13042625784874,-4.19259486079682E-05,0,0,0,0,0,33
0,415,52,-0.129553496837616,-4.6594057494076E-05,0,0,0,0,0,33
0,416,52.125,-0.128603160381317,-4.83382864331361E-05,0,0,0,0,0,33
0,417,52.25,-0.127245530486107,-4.69686274300329E-05,0,0,0,0,0,33
0,418,52.375,-0.125810325145721,-4.36864975199569E-05,0,0,0,0,0,33
0,419,52.5,-0.124530270695686,-4.8271453124471E-05,0,0,0,0,0,33
0,420,52.625,-0.123618714511395,-4.6104865759844E-05,0,0,0,0,0,33
0,421,52.75,-0.122202903032303,-5.00428795930929E-05,0,0,0,0,0,33
0,422,52.875,-0.120903454720974,-4.70529448648449E-05,0,0,0,0,0,33
0,423,53,-0.119448855519295,-4.50254592578858E-05,0,0,0,0,0,33
0,424,53.125,-0.118692457675934,-5.05670432175975E-05,0,0,0,0,0,33
0,425,53.25,-0.117276646196842,-4.37618764408398E-05,0,0,0,0,0,33
0,426,53.375,-0.115996591746807,-4.76785171485972E-05,0,0,0,0,0,33
0,427,53.5,-0.114677757024765,-4.47352067567408E-05,0,0,0,0,0,33
0,428,53.625,-0.113514073193073,-4.30605323344935E-05,0,0,0,0,0,33
0,429,53.75,-0.112427964806557,-4.7099958464969E-05,0,0,0,0,0,33
0,430,53.875,-0.110527284443378,-4.43466524302494E-05,0,0,0,0,0,33
0,431,54,-0.109654523432255,-4.44484539912082E-05,0,0,0,0,0,33
0,432,54.125,-0.108005970716476,-4.32443193858489E-05,0,0,0,0,0,33
0,433,54.25,-0.107075028121471,-4.40626172348857E-05,0,0,0,0,0,33
0,434,54.375,-0.105756185948849,-4.68341859232169E-05,0,0,0,0,0,33
0,435,54.5,-0.104282185435295,-4.29548454121687E-05,0,0,0,0,0,33
0,436,54.625,-0.102943949401379,-4.41729680460412E-05,0,0,0,0,0,33
0,437,54.75,-0.101780265569687,-4.58841677755117E-05,0,0,0,0,0,33
0,438,54.875,-0.100907504558563,-4.42662203568034E-05,0,0,0,0,0,33
0,439,55,-0.0992589518427849,-4.38982606283389E-05,0,0,0,0,0,33
0,440,55.125,-0.0982698276638985,-4.40424119005911E-05,0,0,0,0,0,33
0,441,55.25,-0.0969509854912758,-4.38391980424058E-05,0,0,0,0,0,33
0,442,55.375,-0.0960394293069839,-4.6404056774918E-05,0,0,0,0,0,33
0,443,55.5,-0.0945460423827171,-4.25666767114308E-05,0,0,0,0,0,33
0,444,55.625,-0.0933629646897316,-4.20207579736598E-05,0,0,0,0,0,33
0,445,55.75,-0.0920829102396965,-4.53969187219627E-05,0,0,0,0,0,33
0,446,55.875,-0.0909192264080048,-4.52154636150226E-05,0,0,0,0,0,33
0,447,56,-0.0897749364376068,-4.44842007709667E-05,0,0,0,0,0,33
0,448,56.125,-0.0884367004036903,-4.47418133262545E-05,0,0,0,0,0,33
0,449,56.25,-0.0866717845201492,-4.20133765146602E-05,0,0,0,0,0,33
0,450,56.375,-0.0855856835842133,-4.10342145187315E-05,0,0,0,0,0,33
0,451,56.5,-0.0843638107180595,-4.46427329734433E-05,0,0,0,0,0,33
0,452,56.625,-0.0829867869615555,-4.2544532334432E-05,0,0,0,0,0,33
0,453,56.75,-0.0819976553320885,-4.35244692198467E-05,0,0,0,0,0,33
0,454,56.875,-0.0809697359800339,-4.59206930827349E-05,0,0,0,0,0,33
0,455,57,-0.0795151367783546,-4.46998492407147E-05,0,0,0,0,0,33
0,456,57.125,-0.0780605301260948,-4.42386335635092E-05,0,0,0,0,0,33
0,457,57.25,-0.0774786919355392,-4.68780926894397E-05,0,0,0,0,0,33
0,458,57.375,-0.0754034519195557,-4.19632524426561E-05,0,0,0,0,0,33
0,459,57.5,-0.0745694786310196,-4.34840585512575E-05,0,0,0,0,0,33
0,460,57.625,-0.0730179026722908,-4.49162762379274E-05,0,0,0,0,0,33
0,461,57.75,-0.0717378556728363,-4.27489103458356E-05,0,0,0,0,0,33
0,462,57.875,-0.0709426701068878,-4.43147910118569E-05,0,0,0,0,0,33
0,463,58,-0.0696626156568527,-4.50538245786447E-05,0,0,0,0,0,33
0,464,58.125,-0.0682661980390549,-4.22752600570675E-05,0,0,0,0,0,33
0,465,58.25,-0.0672382786870003,-4.6798049879726E-05,0,0,0,0,0,33
0,466,58.375,-0.0658224672079086,-4.61887939309236E-05,0,0,0,0,0,33
0,467,58.5,-0.0644260421395302,-4.41139090980869E-05,0,0,0,0,0,33
0,468,58.625,-0.0630490183830261,-4.24574936914723E-05,0,0,0,0,0,33
0,469,58.75,-0.0622150488197804,-4.52057502116077E-05,0,0,0,0,0,33
0,470,58.875,-0.0606634691357613,-4.21256663685199E-05,0,0,0,0,0,33
0,471,59,-0.0597907081246376,-4.60792216472328E-05,0,0,0,0,0,33
0,472,59.125,-0.0582585260272026,-4.36243281001225E-05,0,0,0,0,0,33
0,473,59.25,-0.0571724213659763,-4.23113961005583E-05,0,0,0,0,0,33
0,474,59.375,-0.055853582918644,-4.54132386948913E-05,0,0,0,0,0,33
0,475,59.5,-0.0544571615755558,-4.13773086620495E-05,0,0,0,0,0,33
0,476,59.625,-0.053448636084795,-4.14612368331291E-05,0,0,0,0,0,33
0,477,59.75,-0.0520910061895847,-4.59595466963947E-05,0,0,0,0,0,33
0,478,59.875,-0.0505588240921497,-4.23918281740043E-05,0,0,0,0,0,33
0,479,60,-0.0494727194309235,-3.8665188185405E-05,0,0,0,0,0,33
0,480,60.125,-0.0483284331858158,-4.53666107205208E-05,0,0,0,0,0,33
0,481,60.25,-0.0470095910131931,-4.08791820518672E-05,0,0,0,0,0,33
0,482,60.375,-0.0455743819475174,-4.19500393036287E-05,0,0,0,0,0,33
0,483,60.5,-0.0445464625954628,-4.51412488473579E-05,0,0,0,0,0,33
0,484,60.625,-0.0432276204228401,-3.92266520066187E-05,0,0,0,0,0,33
0,485,60.75,-0.042005755007267,-4.00282442569733E-05,0,0,0,0,0,33
0,486,60.875,-0.0410554148256779,-4.67918325739447E-05,0,0,0,0,0,33
0,487,61,-0.0392710976302624,-3.80524361389689E-05,0,0,0,0,0,33
0,488,61.125,-0.0382625758647919,-4.25379257649183E-05,0,0,0,0,0,33
0,489,61.25,-0.036963127553463,-4.2340539948782E-05,0,0,0,0,0,33
0,490,61.375,-0.0358576290309429,-4.1684656025609E-05,0,0,0,0,0,33
0,491,61.5,-0.034441813826561,-4.0151415305445E-05,0,0,0,0,0,33
0,492,61.625,-0.0335496589541435,-4.32746273872908E-05,0,0,0,0,0,33
0,493,61.75,-0.0318235270678997,-4.07478473789524E-05,0,0,0,0,0,33
0,494,61.875,-0.0306792408227921,-4.08344967581797E-05,0,0,0,0,0,33
0,495,62,-0.029845267534256,-4.41216798208188E-05,0,0,0,0,0,33
0,496,62.125,-0.0280415583401918,-3.88753978768364E-05,0,0,0,0,0,33
0,497,62.25,-0.0268390867859125,-4.0989529225044E-05,0,0,0,0,0,33
0,498,62.375,-0.0259857196360826,-4.40202638856135E-05,0,0,0,0,0,33
0,499,62.5,-0.0245893001556396,-3.81087775167543E-05,0,0,0,0,0,33
0,500,62.625,-0.0235613789409399,-4.31782646046486E-05,0,0,0,0,0,33
0,501,62.75,-0.0218934342265129,-3.8822166970931E-05,0,0,0,0,0,33
0,502,62.875,-0.0207685399800539,-4.04000929847825E-05,0,0,0,0,0,33
0,503,63,-0.0192751474678516,-3.97376024920959E-05,0,0,0,0,0,33
0,504,63.125,-0.0181696489453316,-3.74606679542921E-05,0,0,0,0,0,33
0,505,63.25,-0.0167732294648886,-4.03896010539029E-05,0,0,0,0,0,33
0,506,63.375,-0.0163465458899736,-4.34700705227442E-05,0,0,0,0,0,33
0,507,63.5,-0.014329494908452,-3.80629280698486E-05,0,0,0,0,0,33
0,508,63.625,-0.0129718650132418,-4.18447416450363E-05,0,0,0,0,0,33
0,509,63.75,-0.0122736552730203,-4.2303236114094E-05,0,0,0,0,0,33
0,510,63.875,-0.0112457349896431,-4.10299398936331E-05,0,0,0,0,0,33
0,511,64,-0.00955839455127716,-3.8464306271635E-05,0,0,0,0,0,33
0,512,64.125,-0.00841410644352436,-4.07159859605599E-05,0,0,0,0,0,33
0,513,64.25,-0.00707587134093046,-4.22169796365779E-05,0,0,0,0,0,33
0,514,64.375,-0.00583460927009583,-3.88276057492476E-05,0,0,0,0,0,33
0,515,64.5,-0.00434121629223228,-3.88544176530559E-05,0,0,0,0,0,33
0,516,64.625,-0.00315813859924674,-3.81282043235842E-05,0,0,0,0,0,33
0,517,64.75,-0.0022659816313535,-3.95394417864736E-05,0,0,0,0,0,33
0,518,64.875,-0.00050106254639104,-3.67177490261383E-05,0,0,0,0,0,33
0,519,65,0.000488067977130413,-3.8460420910269E-05,0,0,0,0,0,33
0,520,65.125,0.00184569810517132,-4.05290920753032E-05,0,0,0,0,0,33
0,521,65.25,0.00320332823321223,-3.76545576727949E-05,0,0,0,0,0,33
0,522,65.375,0.0041148797608912,-4.04105812776834E-05,0,0,0,0,0,33
0,523,65.5,0.00549190444871783,-3.87677682738286E-05,0,0,0,0,0,33
0,524,65.625,0.00655861385166645,-3.89764245483093E-05,0,0,0,0,0,33
0,525,65.75,0.00776108633726835,-4.00130884372629E-05,0,0,0,0,0,33
0,526,65.875,0.00884719006717205,-4.11795335821807E-05,0,0,0,0,0,33
0,527,66,0.0105151357129216,-3.58660327037796E-05,0,0,0,0,0,33
0,528,66.125,0.0120085291564465,-3.51044654962607E-05,0,0,0,0,0,33
0,529,66.25,0.0130364494398236,-3.71875103155617E-05,0,0,0,0,0,33
0,530,66.375,0.0142195271328092,-3.58100805897266E-05,0,0,0,0,0,33
0,531,66.5,0.0158098936080933,-3.6275181628298E-05,0,0,0,0,0,33
0,532,66.625,0.017109340056777,-3.4746994060697E-05,0,0,0,0,0,33
0,533,66.75,0.0180014967918396,-3.91376743209548E-05,0,0,0,0,0,33
0,534,66.875,0.0191845744848251,-3.65934101864696E-05,0,0,0,0,0,33
0,535,67,0.0207749400287867,-3.61356906068977E-05,0,0,0,0,0,33
0,536,67.125,0.0215895194560289,-3.88956032111309E-05,0,0,0,0,0,33
0,537,67.25,0.0231410954147577,-3.65724263247103E-05,0,0,0,0,0,33
0,538,67.375,0.0243823584169149,-3.55415904778056E-05,0,0,0,0,0,33
0,539,67.5,0.0253133047372103,-3.95612005377188E-05,0,0,0,0,0,33
0,540,67.625,0.0266321450471878,-3.4316472010687E-05,0,0,0,0,0,33
0,541,67.75,0.0279509853571653,-3.52730967279058E-05,0,0,0,0,0,33
0,542,67.875,0.0290758796036243,-3.81892095902003E-05,0,0,0,0,0,33
0,543,68,0.0303365364670753,-3.83197620976716E-05,0,0,0,0,0,33
0,544,68.125,0.0317135602235794,-3.37188757839613E-05,0,0,0,0,0,33
0,545,68.25,0.0330517962574959,-3.42663479386829E-05,0,0,0,0,0,33
0,546,68.375,0.0341960825026035,-3.64954939868767E-05,0,0,0,0,0,33
0,547,68.5,0.0354179516434669,-3.36683624482248E-05,0,0,0,0,0,33
0,548,68.625,0.0367367900907993,-3.50683294527698E-05,0,0,0,0,0,33
0,549,68.75,0.0378228947520256,-3.82929538318422E-05,0,0,0,0,0,33
0,550,68.875,0.0390253700315952,-3.41319100698456E-05,0,0,0,0,0,33
0,551,69,0.0407127067446709,-3.12301744997967E-05,0,0,0,0,0,33
0,552,69.125,0.0421285219490528,-3.37309211317915E-05,0,0,0,0,0,33
0,553,69.25,0.0429624952375889,-3.48787143593654E-05,0,0,0,0,0,33
0,554,69.375,0.0443007312715054,-3.11742223857436E-05,0,0,0,0,0,33
0,555,69.5,0.0457165464758873,-3.19466707878746E-05,0,0,0,0,0,33
0,556,69.625,0.0466280952095985,-3.27016350638587E-05,0,0,0,0,0,33
0,557,69.75,0.0480245165526867,-3.37146011588629E-05,0,0,0,0,0,33
0,558,69.875,0.0491300150752068,-3.3129435905721E-05,0,0,0,0,0,33
0,559,70,0.050759170204401,-2.91436299448833E-05,0,0,0,0,0,33
0,560,70.125,0.0513410121202469,-3.41190861945506E-05,0,0,0,0,0,33
0,561,70.25,0.0528150126338005,-3.30769798893016E-05,0,0,0,0,0,33
0,562,70.375,0.053978692740202,-2.84065390587784E-05,0,0,0,0,0,33
0,563,70.5,0.055530272424221,-2.87970378849423E-05,0,0,0,0,0,33
0,564,70.625,0.0566551648080349,-3.02789903798839E-05,0,0,0,0,0,33
0,565,70.75,0.0578964278101921,-3.01239560940303E-05,0,0,0,0,0,33
0,566,70.875,0.0592152662575245,-2.8301241400186E-05,0,0,0,0,0,33
0,567,71,0.0604565292596817,-2.78089410130633E-05,0,0,0,0,0,33
0,568,71.125,0.0615232400596142,-3.11477997456677E-05,0,0,0,0,0,33
0,569,71.25,0.0627838969230652,-2.71755943686003E-05,0,0,0,0,0,33
0,570,71.375,0.0642578899860382,-2.54434125963598E-05,0,0,0,0,0,33
0,571,71.5,0.0653052106499672,-2.86862996290438E-05,0,0,0,0,0,33
0,572,71.625,0.066856786608696,-2.41215457208455E-05,0,0,0,0,0,33
0,573,71.75,0.0677683353424072,-2.83167828456499E-05,0,0,0,0,0,33
0,574,71.875,0.0689902007579803,-2.64295667875558E-05,0,0,0,0,0,33
0,575,72,0.0705611780285835,-2.19409703277051E-05,0,0,0,0,0,33
0,576,72.125,0.0718994140625,-2.13705716305412E-05,0,0,0,0,0,33
0,577,72.25,0.0727721750736237,-2.57138472079532E-05,0,0,0,0,0,33
0,578,72.375,0.0742073804140091,-2.19875983020756E-05,0,0,0,0,0,33
0,579,72.5,0.0752352997660637,-2.4977922294056E-05,0,0,0,0,0,33
0,580,72.625,0.0768450647592545,-2.34916969930055E-05,0,0,0,0,0,33
0,581,72.75,0.0777178257703781,-1.87248951988295E-05,0,0,0,0,0,33
0,582,72.875,0.0787651389837265,-2.13161729334388E-05,0,0,0,0,0,33
0,583,73,0.0802973210811615,-2.01287457457511E-05,0,0,0,0,0,33
0,584,73.125,0.0819458737969399,-1.62933120009257E-05,0,0,0,0,0,33
0,585,73.25,0.0831483453512192,-1.5945166524034E-05,0,0,0,0,0,33
0,586,73.375,0.0844865813851357,-1.59634291776456E-05,0,0,0,0,0,33
0,587,73.5,0.0855532884597778,-1.51393014675705E-05,0,0,0,0,0,33
0,588,73.625,0.0868139490485191,-1.28623642012826E-05,0,0,0,0,0,33
0,589,73.75,0.0875703394412994,-1.5307934518205E-05,0,0,0,0,0,33
0,590,73.875,0.0891219154000282,-1.53580585902091E-05,0,0,0,0,0,33
0,591,74,0.0904795527458191,-8.44953592604725E-06,0,0,0,0,0,33
0,592,74.125,0.0919147580862045,-1.10625742308912E-05,0,0,0,0,0,33
0,593,74.25,0.0930590480566025,-9.00206305232132E-06,0,0,0,0,0,33
0,594,74.375,0.0942227318882942,-7.19450099495589E-06,0,0,0,0,0,33
0,595,74.5,0.095328226685524,-7.75635271565989E-06,0,0,0,0,0,33
0,596,74.625,0.0969767794013023,-6.3774923546589E-06,0,0,0,0,0,33
0,597,74.75,0.0981016755104065,-4.9520485845278E-06,0,0,0,0,0,33
0,598,74.875,0.0993429347872734,-3.50695904671738E-06,0,0,0,0,0,33
0,599,75,0.100797541439533,-2.33714672503993E-06,0,0,0,0,0,33
0,600,75.125,0.101612113416195,-1.69061831911677E-06,0,0,0,0,0,33
0,601,75.25,0.102775797247887,-2.81178955674477E-07,0,0,0,0,0,33
0,602,75.375,0.104191616177559,9.44970565797121E-07,0,0,0,0,0,33
0,603,75.5,0.105180740356445,2.01224429474678E-06,0,0,0,0,0,33
0,604,75.625,0.106868080794811,3.36046559823444E-06,0,0,0,0,0,33
0,605,75.75,0.10816752910614,5.00477744935779E-06,0,0,0,0,0,33
0,606,75.875,0.10902089625597,6.050333922758E-06,0,0,0,0,0,33
0,607,76,0.110300950706005,7.40866971682408E-06,0,0,0,0,0,33
0,608,76.125,0.111464634537697,9.23104107641848E-06,0,0,0,0,0,33
0,609,76.25,0.113171368837357,1.0504957572266E-05,0,0,0,0,0,33
0,610,76.375,0.114257469773293,1.18941434266162E-05,0,0,0,0,0,33
0,611,76.5,0.115362972021103,1.38347795655136E-05,0,0,0,0,0,33
0,612,76.625,0.116720601916313,1.54941462824354E-05,0,0,0,0,0,33
0,613,76.75,0.117748521268368,1.6859912648215E-05,0,0,0,0,0,33
0,614,76.875,0.119047962129116,1.59206829266623E-05,0,0,0,0,0,33
0,615,77,0.120793491601944,2.02344290300971E-05,0,0,0,0,0,33
0,616,77.125,0.121840804815292,2.46472573053325E-05,0,0,0,0,0,33
0,617,77.25,0.122655384242535,2.37745625781827E-05,0,0,0,0,0,33
0,618,77.375,0.123954825103283,2.57014107774012E-05,0,0,0,0,0,33
0,619,77.5,0.12579733133316,2.90748521365458E-05,0,0,0,0,0,33
0,620,77.625,0.127038583159447,3.1822328310227E-05,0,0,0,0,0,33
0,621,77.75,0.128105297684669,3.32491072185803E-05,0,0,0,0,0,33
0,622,77.875,0.129133224487305,3.79580123990308E-05,0,0,0,0,0,33
0,623,78,0.130471453070641,3.7936642911518E-05,0,0,0,0,0,33
0,624,78.125,0.131829082965851,4.30379914178047E-05,0,0,0,0,0,33
0,625,78.25,0.132953971624374,4.50674197054468E-05,0,0,0,0,0,33
0,626,78.375,0.134078875184059,4.9795755330706E-05,0,0,0,0,0,33
0,627,78.5,0.135514080524445,5.41926528967451E-05,0,0,0,0,0,33
0,628,78.625,0.136638969182968,5.55871811229736E-05,0,0,0,0,0,33
0,629,78.75,0.138016000390053,6.02514046477154E-05,0,0,0,0,0,33
0,630,78.875,0.139431804418564,6.62798483972438E-05,0,0,0,0,0,33
0,631,79,0.140576094388962,6.55206094961613E-05,0,0,0,0,0,33
0,632,79.125,0.141487658023834,7.17771326890215E-05,0,0,0,0,0,33
0,633,79.25,0.142864674329758,7.66904195188545E-05,0,0,0,0,0,33
0,634,79.375,0.143873199820518,7.8706638305448E-05,0,0,0,0,0,33
0,635,79.5,0.14563812315464,8.51772565511055E-05,0,0,0,0,0,33
0,636,79.625,0.146569073200226,8.96324418135919E-05,0,0,0,0,0,33
0,637,79.75,0.147810325026512,9.30268652155064E-05,0,0,0,0,0,33
0,638,79.875,0.149129167199135,0.000100320830824785,0,0,0,0,0,33
0,639,80,0.150467410683632,0.000102426027297042,0,0,0,0,0,33
0,640,80.125,0.151708662509918,0.000109214095573407,0,0,0,0,0,33
0,641,80.25,0.153337821364403,0.000119954944238998,0,0,0,0,0,33
0,642,80.375,0.154113605618477,0.000118123294669203,0,0,0,0,0,33
0,643,80.5,0.155277296900749,0.000125107588246465,0,0,0,0,0,33
0,644,80.625,0.156208246946335,0.000132473040139303,0,0,0,0,0,33
0,645,80.75,0.158264085650444,0.000140644769999199,0,0,0,0,0,33
0,646,80.875,0.159136846661568,0.000144898673170246,0,0,0,0,0,33
0,647,81,0.160591453313828,0.000152490276377648,0,0,0,0,0,33
0,648,81.125,0.161774531006813,0.000155303423525766,0,0,0,0,0,33
0,649,81.25,0.163015782833099,0.00016641068214085,0,0,0,0,0,33
0,650,81.375,0.164101883769035,0.000170093408087268,0,0,0,0,0,33
0,651,81.5,0.165537104010582,0.000177151130628772,0,0,0,0,0,33
0,652,81.625,0.165866807103157,0.00017875297635328,0,0,0,0,0,33
0,653,81.75,0.166700780391693,0.000174866770976223,0,0,0,0,0,33
0,654,81.875,0.170230627059937,0.000209846402867697,0,0,0,0,0,33
0,655,82,0.169881522655487,0.000204594791284762,0,0,0,0,0,33
0,656,82.125,0.170308202505112,0.000199868343770504,0,0,0,0,0,33
0,657,82.25,0.172441616654396,0.00021251110592857,0,0,0,0,0,33
0,658,82.375,0.175641745328903,0.0002520032285247,0,0,0,0,0,33
0,659,82.5,0.17612661421299,0.000247374031459913,0,0,0,0,0,33
0,660,82.625,0.177406668663025,0.000253924925345927,0,0,0,0,0,33
0,661,82.75,0.180121928453445,0.00028392524109222,0,0,0,0,0,33
0,662,82.875,0.179423719644547,0.000265925831627101,0,0,0,0,0,33
0,663,83,0.181557133793831,0.000286640541162342,0,0,0,0,0,33
0,664,83.125,0.181149840354919,0.000276304577710107,0,0,0,0,0,33
0,665,83.25,0.18386510014534,0.000307573063764721,0,0,0,0,0,33
0,666,83.375,0.184330582618713,0.00030155511922203,0,0,0,0,0,33
0,667,83.5,0.185377895832062,0.000303873588563874,0,0,0,0,0,33
0,668,83.625,0.186250656843185,0.000304920045891777,0,0,0,0,0,33
0,669,83.75,0.189140468835831,0.000340514292474836,0,0,0,0,0,33
0,670,83.875,0.188345283269882,0.000323958112858236,0,0,0,0,0,33
0,671,84,0.190071418881416,0.000345337990438566,0,0,0,0,0,33
0,672,84.125,0.18933442234993,0.000320068007567897,0,0,0,0,0,33
0,673,84.25,0.194726139307022,0.000381753052351996,0,0,0,0,0,33
0,674,84.375,0.196432888507843,0.000402794510591775,0,0,0,0,0,33
0,675,84.5,0.194784328341484,0.000368962471839041,0,0,0,0,0,33
0,676,84.625,0.195831641554832,0.000379951961804181,0,0,0,0,0,33
0,677,84.75,0.198469325900078,0.000414157460909337,0,0,0,0,0,33
0,678,84.875,0.19928389787674,0.000413558387663215,0,0,0,0,0,33
0,679,85,0.20064152777195,0.000419455755036324,0,0,0,0,0,33
0,680,85.125,0.202716767787933,0.000442103802924976,0,0,0,0,0,33
0,681,85.25,0.201262161135674,0.000417195609770715,0,0,0,0,0,33
0,682,85.375,0.203317999839783,0.000435591820860282,0,0,0,0,0,33
0,683,85.5,0.20405501127243,0.000441403593868017,0,0,0,0,0,33
0,684,85.625,0.207739993929863,0.000484116695588455,0,0,0,0,0,33
0,685,85.75,0.206964209675789,0.000463565404061228,0,0,0,0,0,33
0,686,85.875,0.208205476403236,0.00047173845814541,0,0,0,0,0,33
0,687,86,0.21078497171402,0.000505928415805101,0,0,0,0,0,33
0,688,86.125,0.210843160748482,0.000497035682201386,0,0,0,0,0,33
0,689,86.25,0.214120864868164,0.000536341045517474,0,0,0,0,0,33
0,690,86.375,0.214140251278877,0.000528708740603179,0,0,0,0,0,33
0,691,86.5,0.216060340404511,0.000552835001144558,0,0,0,0,0,33
0,692,86.625,0.217127040028572,0.000555970415007323,0,0,0,0,0,33
0,693,86.75,0.217437356710434,0.00055889185750857,0,0,0,0,0,33
0,694,86.875,0.21937683224678,0.000575082434806973,0,0,0,0,0,33
0,695,87,0.22023019194603,0.000581831729505211,0,0,0,0,0,33
0,696,87.125,0.222305431962013,0.000598216720391065,0,0,0,0,0,33
0,697,87.25,0.22440005838871,0.000624342530500144,0,0,0,0,0,33
0,698,87.375,0.224050953984261,0.000613170210272074,0,0,0,0,0,33
0,699,87.5,0.225680112838745,0.000626307039055973,0,0,0,0,0,33
0,700,87.625,0.227445036172867,0.000646321510430425,0,0,0,0,0,33
0,701,87.75,0.227541998028755,0.000639852310996503,0,0,0,0,0,33
0,702,87.875,0.228957816958427,0.00065557990456,0,0,0,0,0,33
0,703,88,0.229927554726601,0.000659567245747894,0,0,0,0,0,33
0,704,88.125,0.231304585933685,0.000670988520141691,0,0,0,0,0,33
0,705,88.25,0.23182824254036,0.00066883338149637,0,0,0,0,0,33
0,706,88.375,0.234271973371506,0.000701996381394565,0,0,0,0,0,33
0,707,88.5,0.236560553312302,0.000725546909961849,0,0,0,0,0,33
0,708,88.625,0.235765367746353,0.000705594720784575,0,0,0,0,0,33
0,709,88.75,0.237879395484924,0.000725154008250684,0,0,0,0,0,33
0,710,88.875,0.240148574113846,0.000747786543797702,0,0,0,0,0,33
0,711,89,0.240323126316071,0.000742951175197959,0,0,0,0,0,33
0,712,89.125,0.241486802697182,0.000751622137613595,0,0,0,0,0,33
0,713,89.25,0.242844432592392,0.000764167692977935,0,0,0,0,0,33
0,714,89.375,0.244124487042427,0.000773877312894911,0,0,0,0,0,33
0,715,89.5,0.245152413845062,0.000780319271143526,0,0,0,0,0,33
0,716,89.625,0.246762171387672,0.000794864317867905,0,0,0,0,0,33
0,717,89.75,0.247964635491371,0.000803974864538759,0,0,0,0,0,33
0,718,89.875,0.249264091253281,0.000809148710686713,0,0,0,0,0,33
0,719,90,0.250776886940002,0.000819060660433024,0,0,0,0,0,33
0,720,90.125,0.251727223396301,0.000825844937935472,0,0,0,0,0,33
0,721,90.25,0.252987861633301,0.000833041616715491,0,0,0,0,0,33
0,722,90.375,0.254403680562973,0.000841393601149321,0,0,0,0,0,33
0,723,90.5,0.255082488059998,0.000845388742163777,0,0,0,0,0,33
0,724,90.625,0.256420731544495,0.000852309167385101,0,0,0,0,0,33
0,725,90.75,0.257972300052643,0.000859673076774925,0,0,0,0,0,33
0,726,90.875,0.259000241756439,0.000864014436956495,0,0,0,0,0,33
0,727,91,0.260435432195663,0.000871911295689642,0,0,0,0,0,33
0,728,91.125,0.261831849813461,0.000876836129464209,0,0,0,0,0,33
0,729,91.25,0.262452483177185,0.000870339688844979,0,0,0,0,0,33
0,730,91.375,0.264818638563156,0.000892170879524201,0,0,0,0,0,33
0,731,91.5,0.265885353088379,0.000894629396498203,0,0,0,0,0,33
0,732,91.625,0.265070766210556,0.000871996860951185,0,0,0,0,0,33
0,733,91.75,0.268115758895874,0.000891431758645922,0,0,0,0,0,33
0,734,91.875,0.273274749517441,0.000941010832320899,0,0,0,0,0,33
0,735,92,0.272498965263367,0.000921614875551313,0,0,0,0,0,33
0,736,92.125,0.266913264989853,0.000840615597553551,0,0,0,0,0,33
0,737,92.25,0.272925645112991,0.000892517098691314,0,0,0,0,0,33
0,738,92.375,0.274108707904816,0.000886810303200036,0,0,0,0,0,33
0,739,92.5,0.275427550077438,0.000890144146978855,0,0,0,0,0,33
0,740,92.625,0.276242136955261,0.000886078982148319,0,0,0,0,0,33
0,741,92.75,0.278394937515259,0.000898877333384007,0,0,0,0,0,33
0,742,92.875,0.278394937515259,0.000879037950653583,0,0,0,0,0,33
0,743,93,0.277095496654511,0.000851612829137594,0,0,0,0,0,33
0,744,93.125,0.279868960380554,0.000864784640725702,0,0,0,0,0,33
0,745,93.25,0.282467842102051,0.0008718257304281,0,0,0,0,0,33
0,746,93.375,0.2835733294487,0.000846302893478423,0,0,0,0,0,33
0,747,93.5,0.283107876777649,0.000841926550492644,0,0,0,0,0,33
0,748,93.625,0.286831647157669,0.000860937405377626,0,0,0,0,0,33
0,749,93.75,0.282060563564301,0.000777650682721287,0,0,0,0,0,33
0,750,93.875,0.294318020343781,0.000887253787368536,0,0,0,0,0,33
0,751,94,0.291059702634811,0.000836060324218124,0,0,0,0,0,33
0,752,94.125,0.288809925317764,0.000785823736805469,0,0,0,0,0,33
0,753,94.25,0.293367683887482,0.000813248858321458,0,0,0,0,0,33
0,754,94.375,0.293988287448883,0.000775102700572461,0,0,0,0,0,33
0,755,94.5,0.302134096622467,0.000859490246511996,0,0,0,0,0,33
0,756,94.625,0.296684175729752,0.000782275979872793,0,0,0,0,0,33
0,757,94.75,0.303821414709091,0.000839837593957782,0,0,0,0,0,33
0,758,94.875,0.295210182666779,0.000712324515916407,0,0,0,0,0,33
0,759,95,0.300213992595673,0.00075011671287939,0,0,0,0,0,33
0,760,95.125,0.301144957542419,0.000759079470299184,0,0,0,0,0,33
0,761,95.25,0.303452908992767,0.000747584272176027,0,0,0,0,0,33
0,762,95.375,0.304422646760941,0.000736322486773133,0,0,0,0,0,33
0,763,95.5,0.305120855569839,0.000720738782547414,0,0,0,0,0,33
0,764,95.625,0.308379173278809,0.000753543863538653,0,0,0,0,0,33
0,765,95.75,0.311947822570801,0.000765813165344298,0,0,0,0,0,33
0,766,95.875,0.31305330991745,0.000752404041122645,0,0,0,0,0,33
0,767,96,0.30923256278038,0.00068880122853443,0,0,0,0,0,33
0,768,96.125,0.316757708787918,0.000745705328881741,0,0,0,0,0,33
0,769,96.25,0.312355101108551,0.000660255784168839,0,0,0,0,0,33
0,770,96.375,0.319453567266464,0.000756885448936373,0,0,0,0,0,33
0,771,96.5,0.314876407384872,0.00069678365252912,0,0,0,0,0,33
0,772,96.625,0.322808861732483,0.000741566298529506,0,0,0,0,0,33
0,773,96.75,0.324476808309555,0.000735151523258537,0,0,0,0,0,33
0,774,96.875,0.317533493041992,0.000647387409117073,0,0,0,0,0,33
0,775,97,0.316078871488571,0.000630286580417305,0,0,0,0,0,33
0,776,97.125,0.321082711219788,0.000621930696070194,0,0,0,0,0,33
0,777,97.25,0.321140915155411,0.000629656366072595,0,0,0,0,0,33
0,778,97.375,0.324050098657608,0.000644609855953604,0,0,0,0,0,33
0,779,97.5,0.325368940830231,0.000641264370642602,0,0,0,0,0,33
0,780,97.625,0.319899648427963,0.000579976127482951,0,0,0,0,0,33
0,781,97.75,0.329034566879272,0.000646142580080777,0,0,0,0,0,33
0,782,97.875,0.335492998361588,0.000713616027496755,0,0,0,0,0,33
0,783,98,0.324787110090256,0.000580816413275898,0,0,0,0,0,33
0,784,98.125,0.330178827047348,0.000632943527307361,0,0,0,0,0,33
0,785,98.25,0.328743636608124,0.000595443125348538,0,0,0,0,0,33
0,786,98.375,0.334212929010391,0.000610773917287588,0,0,0,0,0,33
0,787,98.5,0.335415422916412,0.000605355016887188,0,0,0,0,0,33
0,788,98.625,0.340361058712006,0.000671490328386426,0,0,0,0,0,33
0,789,98.75,0.344123631715775,0.000670237699523568,0,0,0,0,0,33
0,790,98.875,0.338867664337158,0.000595252495259047,0,0,0,0,0,33
0,791,99,0.33987620472908,0.000582609733100981,0,0,0,0,0,33
0,792,99.125,0.335589975118637,0.000542701338417828,0,0,0,0,0,33
0,793,99.25,0.33937194943428,0.000545552815310657,0,0,0,0,0,33
0,794,99.375,0.339604675769806,0.000553780293557793,0,0,0,0,0,33
0,795,99.5,0.345578253269196,0.000578381179366261,0,0,0,0,0,33
0,796,99.625,0.34641221165657,0.000572227058000863,0,0,0,0,0,33
0,797,99.75,0.353840380907059,0.000644337560515851,0,0,0,0,0,33
0,798,99.875,0.359367877244949,0.000670996319968253,0,0,0,0,0,33
0,799,100,0.350000232458115,0.000554433849174529,0,0,0,0,0,33
0,800,100.125,0.351513028144836,0.00056497985497117,0,0,0,0,0,33
0,801,100.25,0.34701344370842,0.000507908465806395,0,0,0,0,0,33
0,802,100.375,0.354305863380432,0.000542495166882873,0,0,0,0,0,33
0,803,100.5,0.357234477996826,0.000609163427725434,0,0,0,0,0,33
0,804,100.625,0.363246828317642,0.000615251425188035,0,0,0,0,0,33
0,805,100.75,0.365477234125137,0.000620674167294055,0,0,0,0,0,33
0,806,100.875,0.365069925785065,0.000632671173661947,0,0,0,0,0,33
0,807,101,0.365729361772537,0.000627190049272031,0,0,0,0,0,33
0,808,101.125,0.360473394393921,0.000517229083925486,0,0,0,0,0,33
0,809,101.25,0.36669909954071,0.000609953131061047,0,0,0,0,0,33
0,810,101.375,0.372439920902252,0.000630932336207479,0,0,0,0,0,33
0,811,101.5,0.377715289592743,0.000661535596009344,0,0,0,0,0,33
0,812,101.625,0.360260039567947,0.000475173408631235,0,0,0,0,0,33
0,813,101.75,0.369744062423706,0.000574300473090261,0,0,0,0,0,33
0,814,101.875,0.368793725967407,0.000495113956276327,0,0,0,0,0,33
0,815,102,0.364914774894714,0.000479923182865605,0,0,0,0,0,33
0,816,102.125,0.380643904209137,0.000604997156187892,0,0,0,0,0,33
0,817,102.25,0.371605962514877,0.00049193185986951,0,0,0,0,0,33
0,818,102.375,0.38302943110466,0.000601881183683872,0,0,0,0,0,33
0,819,102.5,0.370442271232605,0.000472551502753049,0,0,0,0,0,33
0,820,102.625,0.384328901767731,0.000603872933425009,0,0,0,0,0,33
0,821,102.75,0.377327382564545,0.000488559191580862,0,0,0,0,0,33
0,822,102.875,0.377579540014267,0.000473881897050887,0,0,0,0,0,33
0,823,103,0.380159020423889,0.00048476635129191,0,0,0,0,0,33
0,824,103.125,0.381477862596512,0.000482249481137842,0,0,0,0,0,33
0,825,103.25,0.383145809173584,0.000527016527485102,0,0,0,0,0,33
0,826,103.375,0.377870440483093,0.00041580296237953,0,0,0,0,0,33
0,827,103.5,0.385104686021805,0.000470785395009443,0,0,0,0,0,33
0,828,103.625,0.386248975992203,0.000474515982205048,0,0,0,0,0,33
0,829,103.75,0.395151138305664,0.000547879084479064,0,0,0,0,0,33
0,830,103.875,0.383107006549835,0.000430631946073845,0,0,0,0,0,33
0,831,104,0.384464651346207,0.00042886973824352,0,0,0,0,0,33
0,832,104.125,0.391698867082596,0.000440497213276103,0,0,0,0,0,33
0,833,104.25,0.387160509824753,0.000416238646721467,0,0,0,0,0,33
0,834,104.375,0.394511103630066,0.000466704688733444,0,0,0,0,0,33
0,835,104.5,0.403025388717651,0.000555491948034614,0,0,0,0,0,33
0,836,104.625,0.397265166044235,0.000435078312875703,0,0,0,0,0,33
0,837,104.75,0.39819610118866,0.000462203868664801,0,0,0,0,0,33
0,838,104.875,0.398991286754608,0.000449140963610262,0,0,0,0,0,33
0,839,105,0.410220831632614,0.00056969077559188,0,0,0,0,0,33
0,840,105.125,0.409755349159241,0.000544094014912844,0,0,0,0,0,33
0,841,105.25,0.402579307556152,0.000443547032773495,0,0,0,0,0,33
0,842,105.375,0.396760910749435,0.000392618065234274,0,0,0,0,0,33
0,843,105.5,0.405042439699173,0.000414814887335524,0,0,0,0,0,33
0,844,105.625,0.412528812885284,0.000549182237591594,0,0,0,0,0,33
0,845,105.75,0.401822924613953,0.000401950383093208,0,0,0,0,0,33
0,846,105.875,0.402579307556152,0.000382706144591793,0,0,0,0,0,33
0,847,106,0.423254072666168,0.000580894178710878,0,0,0,0,0,33
0,848,106.125,0.411442697048187,0.000433074921602383,0,0,0,0,0,33
0,849,106.25,0.425872355699539,0.000584142399020493,0,0,0,0,0,33
0,850,106.375,0.423215299844742,0.000553830876015127,0,0,0,0,0,33
0,851,106.5,0.414448887109756,0.000406081642722711,0,0,0,0,0,33
0,852,106.625,0.423351049423218,0.000521998328622431,0,0,0,0,0,33
0,853,106.75,0.417707204818726,0.000428928091423586,0,0,0,0,0,33
0,854,106.875,0.41838601231575,0.000406089413445443,0,0,0,0,0,33
0,855,107,0.429421603679657,0.000538589549250901,0,0,0,0,0,33
0,856,107.125,0.427462726831436,0.000526658666785806,0,0,0,0,0,33
0,857,107.25,0.431361079216003,0.00055480730952695,0,0,0,0,0,33
0,858,107.375,0.424029856920242,0.000407590996474028,0,0,0,0,0,33
0,859,107.5,0.43355268239975,0.000532497651875019,0,0,0,0,0,33
0,860,107.625,0.42707484960556,0.000428321247454733,0,0,0,0,0,33
0,861,107.75,0.435860633850098,0.000509402249008417,0,0,0,0,0,33
0,862,107.875,0.437160104513168,0.000521764915902168,0,0,0,0,0,33
0,863,108,0.438401341438293,0.000528331380337477,0,0,0,0,0,33
0,864,108.125,0.441194206476212,0.000535006751306355,0,0,0,0,0,33
0,865,108.25,0.431671380996704,0.000403121288400143,0,0,0,0,0,33
0,866,108.375,0.442881524562836,0.000553893100004643,0,0,0,0,0,33
0,867,108.5,0.434347867965698,0.00040132796857506,0,0,0,0,0,33
0,868,108.625,0.430779218673706,0.000375353876734152,0,0,0,0,0,33
0,869,108.75,0.43686917424202,0.000402681704144925,0,0,0,0,0,33
0,870,108.875,0.438207417726517,0.000406902458053082,0,0,0,0,0,33
0,871,109,0.439196527004242,0.000398103089537472,0,0,0,0,0,33
0,872,109.125,0.434638768434525,0.000337837904226035,0,0,0,0,0,33
0,873,109.25,0.442183315753937,0.000396185263525695,0,0,0,0,0,33
0,874,109.375,0.438207417726517,0.000341303966706619,0,0,0,0,0,33
0,875,109.5,0.447691410779953,0.000479226873721927,0,0,0,0,0,33
0,876,109.625,0.446275621652603,0.000374813156668097,0,0,0,0,0,33
0,877,109.75,0.440845102071762,0.000344256550306454,0,0,0,0,0,33
0,878,109.875,0.448641777038574,0.00039509215275757,0,0,0,0,0,33
0,879,110,0.450057566165924,0.000374280207324773,0,0,0,0,0,33
0,880,110.125,0.458707630634308,0.000483848300063983,0,0,0,0,0,33
0,881,110.25,0.445829540491104,0.000345318549079821,0,0,0,0,0,33
0,882,110.375,0.455429911613464,0.000455684086773545,0,0,0,0,0,33
0,883,110.5,0.464816957712173,0.000510682060848922,0,0,0,0,0,33
0,884,110.625,0.44902965426445,0.000315053708618507,0,0,0,0,0,33
0,885,110.75,0.465903073549271,0.000507787859532982,0,0,0,0,0,33
0,886,110.875,0.468288600444794,0.000517688109539449,0,0,0,0,0,33
0,887,111,0.458028793334961,0.000370121706509963,0,0,0,0,0,33
0,888,111.125,0.461403489112854,0.000378917204216123,0,0,0,0,0,33
0,889,111.25,0.471159040927887,0.000502104463521391,0,0,0,0,0,33
0,890,111.375,0.45771849155426,0.000335379387252033,0,0,0,0,0,33
0,891,111.5,0.4643514752388,0.000380469340598211,0,0,0,0,0,33
0,892,111.625,0.459464013576508,0.000336013472406194,0,0,0,0,0,33
0,893,111.75,0.461578041315079,0.000338475889293477,0,0,0,0,0,33
0,894,111.875,0.461345314979553,0.000305398512864485,0,0,0,0,0,33
0,895,112,0.47007292509079,0.000388747430406511,0,0,0,0,0,33
0,896,112.125,0.463226586580276,0.000304219807730988,0,0,0,0,0,33
0,897,112.25,0.465263038873672,0.000302391475997865,0,0,0,0,0,33
0,898,112.375,0.480604261159897,0.000506399082951248,0,0,0,0,0,33
0,899,112.5,0.475425869226456,0.000378742144675925,0,0,0,0,0,33
0,900,112.625,0.469277739524841,0.000327513640513644,0,0,0,0,0,33
0,901,112.75,0.477307140827179,0.000372549140593037,0,0,0,0,0,33
0,902,112.875,0.472109377384186,0.000334504118654877,0,0,0,0,0,33
0,903,113,0.479013890028,0.00036706798709929,0,0,0,0,0,33
0,904,113.125,0.48182612657547,0.000361540180165321,0,0,0,0,0,33
0,905,113.25,0.484929263591766,0.000449642800958827,0,0,0,0,0,33
0,906,113.375,0.483629822731018,0.000374995986931026,0,0,0,0,0,33
0,907,113.5,0.485220193862915,0.000365799845894799,0,0,0,0,0,33
0,908,113.625,0.492822915315628,0.000455333996796981,0,0,0,0,0,33
0,909,113.75,0.483746200799942,0.000367698201444,0,0,0,0,0,33
0,910,113.875,0.480972766876221,0.000306818401440978,0,0,0,0,0,33
0,911,114,0.482640713453293,0.000295233738142997,0,0,0,0,0,33
0,912,114.125,0.483261346817017,0.000291300850221887,0,0,0,0,0,33
0,913,114.25,0.491736829280853,0.000363574712537229,0,0,0,0,0,33
0,914,114.375,0.494161158800125,0.000357303884811699,0,0,0,0,0,33
0,915,114.5,0.495615780353546,0.000369149202015251,0,0,0,0,0,33
0,916,114.625,0.497264325618744,0.00036937091499567,0,0,0,0,0,33
0,917,114.75,0.490631312131882,0.000295385427307338,0,0,0,0,0,33
0,918,114.875,0.507873237133026,0.00047040416393429,0,0,0,0,0,33
0,919,115,0.50011533498764,0.000359898578608409,0,0,0,0,0,33
0,920,115.125,0.507388353347778,0.000467307661892846,0,0,0,0,0,33
0,921,115.25,0.502985775470734,0.000353662762790918,0,0,0,0,0,33
0,922,115.375,0.496973395347595,0.000301757390843704,0,0,0,0,0,33
0,923,115.5,0.505041599273682,0.000343638035701588,0,0,0,0,0,33
0,924,115.625,0.503567576408386,0.000356864300556481,0,0,0,0,0,33
0,925,115.75,0.507446527481079,0.000349313660990447,0,0,0,0,0,33
0,926,115.875,0.520053088665009,0.000464600161649287,0,0,0,0,0,33
0,927,116,0.502985775470734,0.000295008096145466,0,0,0,0,0,33
0,928,116.125,0.505701005458832,0.000285839167190716,0,0,0,0,0,33
0,929,116.25,0.512256443500519,0.00033744890242815,0,0,0,0,0,33
0,930,116.375,0.514292895793915,0.000344435509759933,0,0,0,0,0,33
0,931,116.5,0.515301406383514,0.000330260023474693,0,0,0,0,0,33
0,932,116.625,0.516523241996765,0.000306507194181904,0,0,0,0,0,33
0,933,116.75,0.509929060935974,0.000275954487733543,0,0,0,0,0,33
0,934,116.875,0.511868536472321,0.000281509506748989,0,0,0,0,0,33
0,935,117,0.513167977333069,0.000258441315963864,0,0,0,0,0,33
0,936,117.125,0.513090431690216,0.000239088156376965,0,0,0,0,0,33
0,937,117.25,0.513245582580566,0.000238119522691704,0,0,0,0,0,33
0,938,117.375,0.524397552013397,0.00033937839907594,0,0,0,0,0,33
0,939,117.5,0.516639649868011,0.00025010877288878,0,0,0,0,0,33
0,940,117.625,0.5253866314888,0.000307549722492695,0,0,0,0,0,33
0,941,117.75,0.520557343959808,0.000260611996054649,0,0,0,0,0,33
0,942,117.875,0.540184795856476,0.000448923121439293,0,0,0,0,0,33
0,943,118,0.529653489589691,0.000306728907162324,0,0,0,0,0,33
0,944,118.125,0.523854494094849,0.000251268007559702,0,0,0,0,0,33
0,945,118.25,0.547593593597412,0.000485945056425408,0,0,0,0,0,33
0,946,118.375,0.527151584625244,0.000242822643485852,0,0,0,0,0,33
0,947,118.5,0.535588264465332,0.000291966047370806,0,0,0,0,0,33
0,948,118.625,0.529401361942291,0.000235388695728034,0,0,0,0,0,33
0,949,118.75,0.537314414978027,0.000288017618004233,0,0,0,0,0,33
0,950,118.875,0.532523930072784,0.000264221976976842,0,0,0,0,0,33
0,951,119,0.532349348068237,0.000244569295318797,0,0,0,0,0,33
0,952,119.125,0.540087878704071,0.00028039695462212,0,0,0,0,0,33
0,953,119.25,0.554750263690948,0.000445990008302033,0,0,0,0,0,33
0,954,119.375,0.537935018539429,0.000240792011027224,0,0,0,0,0,33
0,955,119.5,0.545518398284912,0.000294774683425203,0,0,0,0,0,33
0,956,119.625,0.538167774677277,0.000225025505642407,0,0,0,0,0,33
0,957,119.75,0.539777517318726,0.000220715301111341,0,0,0,0,0,33
0,958,119.875,0.546934187412262,0.000263976922724396,0,0,0,0,0,33
0,959,120,0.550037324428558,0.000282723223790526,0,0,0,0,0,33
0,960,120.125,0.562566339969635,0.000411372166126966,0,0,0,0,0,33
0,961,120.25,0.562430560588837,0.000417242292314768,0,0,0,0,0,33
0,962,120.375,0.554032623767853,0.000286854483420029,0,0,0,0,0,33
0,963,120.5,0.5549635887146,0.00027876699459739,0,0,0,0,0,33
0,964,120.625,0.557911574840546,0.000298516970360652,0,0,0,0,0,33
0,965,120.75,0.557853400707245,0.000268975680228323,0,0,0,0,0,33
0,966,120.875,0.559230446815491,0.000270216609351337,0,0,0,0,0,33
0,967,121,0.553004741668701,0.000223955736146308,0,0,0,0,0,33
0,968,121.125,0.562915444374084,0.000336418044753373,0,0,0,0,0,33
0,969,121.25,0.570266008377075,0.000400767778046429,0,0,0,0,0,33
0,970,121.375,0.555642426013947,0.000187241137609817,0,0,0,0,0,33
0,971,121.5,0.558105528354645,0.00021594217105303,0,0,0,0,0,33
0,972,121.625,0.56696891784668,0.000314555771183223,0,0,0,0,0,33
0,973,121.75,0.575134098529816,0.000362396007403731,0,0,0,0,0,33
0,974,121.875,0.569335103034973,0.000252528407145292,0,0,0,0,0,33
0,975,122,0.569781184196472,0.000256258994340897,0,0,0,0,0,33
0,976,122.125,0.571216344833374,0.000258849788224325,0,0,0,0,0,33
0,977,122.25,0.566231906414032,0.000207539589609951,0,0,0,0,0,33
0,978,122.375,0.573951005935669,0.000248509924858809,0,0,0,0,0,33
0,979,122.5,0.569063544273376,0.000190360980923288,0,0,0,0,0,33
0,980,122.625,0.583066523075104,0.000371666072169319,0,0,0,0,0,33
0,981,122.75,0.577034771442413,0.000236345644225366,0,0,0,0,0,33
0,982,122.875,0.578198492527008,0.000247218442382291,0,0,0,0,0,33
0,983,123,0.580312490463257,0.000250847893767059,0,0,0,0,0,33
0,984,123.125,0.581049501895905,0.000247109506744891,0,0,0,0,0,33
0,985,123.25,0.574416518211365,0.000184432487003505,0,0,0,0,0,33
0,986,123.375,0.592686295509338,0.000397251162212342,0,0,0,0,0,33
0,987,123.5,0.579439699649811,0.000187560115591623,0,0,0,0,0,33
0,988,123.625,0.596157968044281,0.000359715748345479,0,0,0,0,0,33
0,989,123.75,0.586402416229248,0.000233179118367843,0,0,0,0,0,33
0,990,123.875,0.599008977413177,0.000362003105692565,0,0,0,0,0,33
0,991,124,0.58956378698349,0.000239337125094607,0,0,0,0,0,33
0,992,124.125,0.59163898229599,0.000216572356293909,0,0,0,0,0,33
0,993,124.25,0.584404766559601,0.000161325398948975,0,0,0,0,0,33
0,994,124.375,0.600890278816223,0.000360435398761183,0,0,0,0,0,33
0,995,124.5,0.595149457454681,0.000236306746955961,0,0,0,0,0,33
0,996,124.625,0.605448067188263,0.000340125290676951,0,0,0,0,0,33
0,997,124.75,0.597147107124329,0.000224982723011635,0,0,0,0,0,33
0,998,124.875,0.593811213970184,0.000214413361391053,0,0,0,0,0,33
0,999,125,0.592589318752289,0.000155575849930756,0,0,0,0,0,33
